tags,code,info,id,time,source
图森未来,NTAF91b,投递: 1) https://app.mokahr.com/campus_apply/tusenweilai/35932#/,783973,1634908681.0,nowcoder
"字节跳动,提前批",TBCSK8P,"内推链接: 1) https://w.url.cn/s/A51RK64 2) https://job.toutiao.com/s/vRCAV6 3) https://job.toutiao.com/s/vRCAV6 4) https://w.url.cn/s/A51RK64 
投递: 1) https://job.toutiao.com/s/JSo5rwe 2) https://job.toutiao.com/s/JSo5rwe 3) https://job.bytedance.com/society/position/application",784124,1634918109.0,nowcoder
美团,kNYyJLf,内推链接: 1) https://share.weiyun.com/P6umhFxF,784164,1634921855.0,nowcoder
携程,NTAIBw6,,784285,1634955883.0,nowcoder
360公司,,内推链接: 1) https://app.mokahr.com/m/recommendation-apply/360campus/26420?recommenderId=782664#/jobs,784232,1634950719.0,nowcoder
深信服,,投递: 1) https://hr.sangfor.com/NTAHB4g,784240,1634951807.0,nowcoder
科大讯飞,,内推链接: 1) https://dwz.cn/EnGxScZ8,784105,1634917204.0,nowcoder
深信服,,投递: 1) https://hr.sangfor.com/,784178,1634923490.0,nowcoder
360公司,AHNMT,内推链接: 1) https://app.mokahr.com/recommendation-apply/360campus/26420?recommendCode=NTAHNMT#/jobs,783894,1634904637.0,nowcoder
深信服,NTAEWZZ,投递: 1) http://hr.sangfor.com,784109,1634917451.0,nowcoder
字节跳动,,投递: 1) https://jobs.toutiao.com/s/RJAY3Qf 2) https://jobs.toutiao.com/s/RJAa6MD 3) https://jobs.toutiao.com/s/RJAXwYe 4) https://jobs.toutiao.com/s/RJApMYS 5) https://jobs.toutiao.com/s/RJAKe9b 6) https://jobs.toutiao.com/s/RJAG9LL 7) https://jobs.toutiao.com/s/RJAVptm 8) https://jobs.toutiao.com/s/RJAs665 9) https://jobs.toutiao.com/s/RJAsEdf 10) https://jobs.toutiao.com/s/RJD1mE6,784325,1634958269.0,nowcoder
上海爱数,YXJ1891,内推链接: 1) https://www.aishu.cn/cn/campus-recruit,784432,1634965111.0,nowcoder
